doraemon va chu khung long,Truyen tranh,Fujiko Fujio,Kim Dong,2019
doraemon va hanh tinh xanh,Truyen tranh,Fujiko Fujio,Kim Dong,2019
Doraemon va hanh tinh xa,Truyen tranh,Fujiko Fujio,Kim Dong,2019
doraemon va lau dai tren may,Truyen tranh,Fujiko Fujio,Kim Dong,2019
Chu khung long cua Nobita,Truyen tranh,Fujiko Fujio,Kim Dong,2019
Nobita va lich su khai pha vu tru,Truyen tranh,Fujiko Fujio,Kim Dong,2019
Nobita tham hiem vung dat moi,Truyen tranh,Fujiko Fujio,Kim Dong,2019
Nobita va lau dai duoi day bien,Truyen tranh,Fujiko Fujio,Kim Dong,2019
Nobita va chuyen phieu luu vao xu quy,Truyen tranh,Fujiko Fujio,Kim Dong,2019
Nobita va cuoc chien vu tru,Truyen tranh,Fujiko Fujio,Kim Dong,2019
Nobita va binh doan nguoi sat,Truyen tranh,Fujiko Fujio,Kim Dong,2019
Nobita va hiep si rong,Truyen tranh,Fujiko Fujio,Kim Dong,2019
Nobita va nuoc Nhat thoi nguyen thuy,Truyen tranh,Fujiko Fujio,Kim Dong,2019
Nobita va hanh tinh muong thu,Truyen tranh,Fujiko Fujio,Kim Dong,2019
Nobita o xu so nghin le mot dem,Truyen tranh,Fujiko Fujio,Kim Dong,2019
Nobita va Vuong quoc tren may,Truyen tranh,Fujiko Fujio,Kim Dong,2019
Nobita va me cung thiec,Truyen tranh,Fujiko Fujio,Kim Dong,2019
Nobita va ba chang hiep si mong mo,Truyen tranh,Fujiko Fujio,Kim Dong,2019
Dang toan nang Nobita,Truyen tranh,Fujiko Fujio,Kim Dong,2019
Nobita va chuyen tau toc hanh Ngan Ha,Truyen tranh,Fujiko Fujio,Kim Dong,2019
Nobita va cuoc phieu luu o thanh pho day cot,Truyen tranh,Fujiko Fujio,Kim Dong,2019
Nobita va chuyen du hanh bien phuong Nam,Truyen tranh,Fujiko Fujio,Kim Dong,2019
Nobita - Vu tru phieu luu ky,Truyen tranh,Fujiko Fujio,Kim Dong,2019
Nobita va truyen thuyet vua Mat Troi,Truyen tranh,Fujiko Fujio,Kim Dong,2019
Nobita va nhung dung si co canh,Truyen tranh,Fujiko Fujio,Kim Dong,2019
Nobita va vuong quoc robot,Truyen tranh,Fujiko Fujio,Kim Dong,2019
Nobita va nhung phap su Gio bi an,Truyen tranh,Fujiko Fujio,Kim Dong,2019
Nobita o vuong quoc cho meo,Truyen tranh,Fujiko Fujio,Kim Dong,2019
Harry Potter va Hon da phu thuy,gia tuong,J.K.Rowling,Tre,2017
Harry Potter va Phong chua bi mat,gia tuong,J.K.Rowling,Tre,2017
Harry Potter va Ten tu nhan nguc Azkaban,gia tuong,J.K.Rowling,Tre,2017
Harry Potter va Chiec coc lua,gia tuong,J.K.Rowling,Tre,2017
Harry Potter va Hoi phuong hoang,gia tuong,J.K.Rowling,Tre,2017
Harry Potter va Hoang tu lai,gia tuong,J.K.Rowling,Tre,2017
Harry Potter va Bao boi tu than,gia tuong,J.K.Rowling,Tre,2017
Than Dong Dat Viet - Anh hung vot phao,Truyen tranh,Phan Thi,Tre,2002
Than Dong Dat Viet - Bai thi ki quai,Truyen tranh,Phan Thi,Tre,2002
Than Dong Dat Viet - Ganh hat xui xeo,Truyen tranh,Phan Thi,Tre,2002
Than Dong Dat Viet - Trai tim Suu eo,Truyen tranh,Phan Thi,Tre,2003
Than Dong Dat Viet - Bai toan lo phi,Truyen tranh,Phan Thi,Tre,2003
Than Dong Dat Viet - Nao loan kinh thanh,Truyen tranh,Phan Thi,Tre,2003
Than Dong Dat Viet - Bot nep vach toi,Truyen tranh,Phan Thi,Tre,2003
Than Dong Dat Viet - Mon qua roi may,Truyen tranh,Phan Thi,Tre,2003
Than Dong Dat Viet - Bi mat bong bong,Truyen tranh,Phan Thi,Tre,2003
Than Dong Dat Viet - Muu sat Tao Phi,Truyen tranh,Phan Thi,Tre,2003
Than Dong Dat Viet - Tro xiec kinh hoang,Truyen tranh,Phan Thi,Tre,2003
Than Dong Dat Viet - Cay da nhan chung,Truyen tranh,Phan Thi,Tre,2003
Than Dong Dat Viet - Noi oan Xa Bac,Truyen tranh,Phan Thi,Tre,2003
Than Dong Dat Viet - Chiec banh tai hoa,Truyen tranh,Phan Thi,Tre,2003
Than Dong Dat Viet - De duc co chua,Truyen tranh,Phan Thi,Tre,2003
Than Dong Dat Viet - Hat gao khong lo,Truyen tranh,Phan Thi,Tre,2003
Tang toc doc hieu de thanh cong,Ky nang song,Tony Buzan,Tong hop TP.HCM,2017
So Do Tu Duy ,Ky nang song,Tony Buzan,Tong hop TP.HCM,2018
Tham Tu Lung Danh Conan - Tap 10,Truyen tranh,Gosho Aoyama,Kim Dong,2016
Tham Tu Lung Danh Conan - Tap 11,Truyen tranh,Gosho Aoyama,Kim Dong,2016
Tham Tu Lung Danh Conan - Tap 12,Truyen tranh,Gosho Aoyama,Kim Dong,2016
Tham Tu Lung Danh Conan - Tap 13,Truyen tranh,Gosho Aoyama,Kim Dong,2016
Tham Tu Lung Danh Conan - Tap 14,Truyen tranh,Gosho Aoyama,Kim Dong,2016
Tham Tu Lung Danh Conan - Tap 15,Truyen tranh,Gosho Aoyama,Kim Dong,2016
Tham Tu Lung Danh Conan - Tap 16,Truyen tranh,Gosho Aoyama,Kim Dong,2016
Tham Tu Lung Danh Conan - Tap 17,Truyen tranh,Gosho Aoyama,Kim Dong,2016
Tham Tu Lung Danh Conan - Tap 18,Truyen tranh,Gosho Aoyama,Kim Dong,2016
Tham Tu Lung Danh Conan - Tap 19,Truyen tranh,Gosho Aoyama,Kim Dong,2016
Tham Tu Lung Danh Conan - Tap 20,Truyen tranh,Gosho Aoyama,Kim Dong,2016
Tham Tu Lung Danh Conan - Tap 21,Truyen tranh,Gosho Aoyama,Kim Dong,2016
Tham Tu Lung Danh Conan - Tap 22,Truyen tranh,Gosho Aoyama,Kim Dong,2016
Tham Tu Lung Danh Conan - Tap 23,Truyen tranh,Gosho Aoyama,Kim Dong,2016
Tham Tu Lung Danh Conan - Tap 24,Truyen tranh,Gosho Aoyama,Kim Dong,2016
Tham Tu Lung Danh Conan - Tap 25,Truyen tranh,Gosho Aoyama,Kim Dong,2016
Tieng Viet Lop 1 - Tap 1,Sach giao khoa,Bo Giao Duc,Giao duc Viet Nam,2019
Tieng Viet Lop 1 - Tap 2,Sach giao khoa,Bo Giao Duc,Giao duc Viet Nam,2019
Tieng Viet Lop 2 - Tap 1,Sach giao khoa,Bo Giao Duc,Giao duc Viet Nam,2019
Tieng Viet Lop 2 - Tap 2,Sach giao khoa,Bo Giao Duc,Giao duc Viet Nam,2019
Tieng Viet Lop 3 - Tap 1,Sach giao khoa,Bo Giao Duc,Giao duc Viet Nam,2019
Tieng Viet Lop 3 - Tap 2,Sach giao khoa,Bo Giao Duc,Giao duc Viet Nam,2019
Tieng Viet Lop 4 - Tap 1,Sach giao khoa,Bo Giao Duc,Giao duc Viet Nam,2019
Tieng Viet Lop 4 - Tap 2,Sach giao khoa,Bo Giao Duc,Giao duc Viet Nam,2019
Tieng Viet Lop 5 - Tap 1,Sach giao khoa,Bo Giao Duc,Giao duc Viet Nam,2019
Tieng Viet Lop 5 - Tap 2,Sach giao khoa,Bo Giao Duc,Giao duc Viet Nam,2019
Giao Trinh Triet Hoc Mac - Lenin,Giao trinh,Bo Giao Duc,Chinh Tri Quoc Gia Su That,2021
Giao Trinh Kinh Te Chinh Tri Mac - Lenin,Giao trinh,Bo Giao Duc,Chinh Tri Quoc Gia Su That,2021
Giao trinh Tu tuong Ho Chi Minh,Giao trinh,Bo Giao Duc,Chinh Tri Quoc Gia Su That,2021
Giao trinh Chu Nghia Xa Hoi Khoa Hoc,Giao trinh,Bo Giao Duc,Chinh Tri Quoc Gia Su That,2021
Giao trinh Lich Su Dang Cong San Viet Nam,Giao trinh,Bo Giao Duc,Chinh Tri Quoc Gia Su That,2021
Bao Khan Quang Do - 18,Bao,NXB Tre,Tre,2023
Bao Khan Quang Do - 17,Bao,NXB Tre,Tre,2023
Bao Khan Quang Do - 16,Bao,NXB Tre,Tre,2023
Bao Khan Quang Do - 15,Bao,NXB Tre,Tre,2023
Bao Khan Quang Do - 14,Bao,NXB Tre,Tre,2023
Bao Khan Quang Do - 13,Bao,NXB Tre,Tre,2023
Bao Khan Quang Do - 12,Bao,NXB Tre,Tre,2023
Bao Khan Quang Do - 11,Bao,NXB Tre,Tre,2023
Bao Khan Quang Do - 10,Bao,NXB Tre,Tre,2023
Bao Khan Quang Do - 9,Bao,NXB Tre,Tre,2023
The Gioi Dong Vat,Kien thuc,Nhieu tac gia,Dan Tri,2013
Tap Lam Van Lop 5,Kien thuc,Kim Dung - Van Anh,Tong hop TP.HCM,2013
Nhung Bai Lam Van Mau Lop 5 (tap 1),Kien thuc,Tran Thi Thin,Tong hop TP.HCM,2020
Nhung Bai Lam Van Mau Lop 5 (tap 2),Kien thuc,Tran Thi Thin,Tong hop TP.HCM,2020
75 Bai kiem tra Toan lop 5,Kien thuc,Pham Dinh Thuc,Dai Hoc Quoc Gia Ha Noi,2016
100 Bai Tap Lam Van Mau Lop 5,Kien thuc,Huynh Tan Phuong,Dai Hoc Quoc Gia Ha Noi,2020
doraemon,truyen tranh,Fujiko Fujio,Kim Dong,2000
doraemon tap 2,truyen tranh,Fujiko Fujio,Kim Dong,2000
Doraemon tap 100,Truyen tranh,Fujiko Fujio,Kim Dong,2019
Harry Potter truyen ngan,Truyen vien tuong,J.K Rowlling,Tre,2007
Than Dong Dat Viet,Truyen Tranh,Phan Thi,Tre,2002
DR STRANGE,Truyen Tranh,IDK,Tre,2007
kimet,manga,dangNam,kimdong,2023
than dong dat viet,truyen tranh,kld,vietnam,2000
tieng han,ngon ngu,dh ha noi,mc,2019
